,,
,0,1
,1,2
,2,4
,3,8
,4,16
,5,32
,6,64
,7,128
,8,256
,9,512
,10,1024
,11,2048
,12,4096
,13,8192
,14,16384
,15,32768
,16,65536
,24,16777216
,32,4294967296
,40,1099511627776
,48,281474976710656
,56,72057594037927936
,64,18446744073709551616
,,
,,
,,
,,
,,
,,
,,
,,
<meta> c1=2**b1
<meta> c2=2**b2
<meta> c3=2**b3
<meta> c4=2**b4
<meta> c5=2**b5
<meta> c6=2**b6
<meta> c7=2**b7
<meta> c8=2**b8
<meta> c9=2**b9
<meta> c10=2**b10
<meta> c11=2**b11
<meta> c12=2**b12
<meta> c13=2**b13
<meta> c14=2**b14
<meta> c15=2**b15
<meta> c16=2**b16
<meta> c17=2**b17
<meta> c18=2**b18
<meta> c19=2**b19
<meta> c20=2**b20
<meta> c21=2**b21
<meta> c22=2**b22
<meta> c23=2**b23
